{"cameraMode":{"drawMode":0,"name":"Shaded","section":"Shading Mode"},"sceneLighting":false,"audioPlay":false,"sceneViewState":{"showFog":true,"showMaterialUpdate":false,"showSkybox":false,"showFlares":true,"showImageEffects":true,"showParticleSystems":true},"in2DMode":false,"pivot":{"x":0.0,"y":1.2799999713897706,"z":2.869999885559082},"rotation":{"x":-0.22048313915729524,"y":-0.0008806008263491094,"z":0.00019905343651771545,"w":-0.9753901958465576},"size":8.573651313781739,"orthographic":false}