{"cameraMode":{"drawMode":0,"name":"Shaded","section":"Shading Mode"},"sceneLighting":false,"audioPlay":false,"sceneViewState":{"showFog":true,"showMaterialUpdate":false,"showSkybox":false,"showFlares":true,"showImageEffects":true,"showParticleSystems":true},"in2DMode":false,"pivot":{"x":0.0,"y":1.2799999713897706,"z":2.869999885559082},"rotation":{"x":-0.2028908133506775,"y":-0.002352840267121792,"z":0.0004875078739132732,"w":-0.9791982173919678},"size":8.573651313781739,"orthographic":false}