{"cameraMode":{"drawMode":0,"name":"Shaded","section":"Shading Mode"},"sceneLighting":true,"audioPlay":false,"sceneViewState":{"showFog":true,"showMaterialUpdate":false,"showSkybox":true,"showFlares":true,"showImageEffects":true,"showParticleSystems":true},"in2DMode":false,"pivot":{"x":3.0505597591400148,"y":1.3615339994430543,"z":-2.0971884727478029},"rotation":{"x":-0.22048313915729524,"y":-0.0008806008263491094,"z":0.00019905343651771545,"w":-0.9753901958465576},"size":13.601383209228516,"orthographic":false}